Feature 1,Feature 2,class
-3.006485704,1.193560026,1
-2.957440951,2.033645288,1
-2.951343858,2.215174019,1
-2.921918921,3.493803543,1
-2.69382945,2.025862602,1
-2.62686288,0.273963891,1
-2.555427464,2.60380005,1
-2.535541041,0.647783298,1
-2.52440239,1.819663215,1
-2.517816318,1.924022466,1
-2.476807984,1.696840072,1
-2.476631797,0.46168007,1
-2.452454906,3.547011321,1
-2.409975872,1.51157784,1
-2.313489661,3.419394082,1
-2.287148215,2.230491298,1
-2.279298355,2.019470032,1
-2.260596955,-4.444491001,0
-2.238892904,1.928296845,1
-2.235920328,2.160076461,1
-2.235464588,0.730380175,1
-2.197082255,2.267432574,1
-2.195563893,2.659138131,1
-2.194865747,1.512194632,1
-2.159246663,3.291478485,1
-2.125162503,2.067367768,1
-2.12066618,1.773876652,1
-2.075825265,2.189423195,1
-2.026636678,2.067007034,1
-2.025861263,1.907556193,1
-2.019225612,0.342822571,1
-2.00634181,1.94344045,1
-1.966151998,2.206268342,1
-1.94386239,2.248973012,1
-1.938257086,1.884130747,1
-1.936254176,1.585303156,1
-1.934314026,1.97562981,1
-1.931807574,1.916434255,1
-1.916355923,0.68382553,1
-1.913603202,-4.154350476,0
-1.91052957,-4.543441462,0
-1.908801103,2.2253188,1
-1.881818194,1.081666502,1
-1.88098351,2.318936618,1
-1.860651159,2.043507757,1
-1.841883396,1.009762274,1
-1.833295233,2.051876835,1
-1.830306892,2.10947206,1
-1.812583878,1.808480537,1
-1.804126926,-3.315849879,0
-1.787783028,1.919095866,1
-1.773297639,-2.886585034,0
-1.771334255,-3.213563209,0
-1.756455494,-3.680302121,0
-1.755973246,-2.968690366,0
-1.749400944,-3.289437283,0
-1.740693708,2.785313626,1
-1.735631968,1.773390895,1
-1.726240409,-3.189244187,0
-1.710399065,-0.923664552,0
-1.706444173,-3.645251696,0
-1.684139045,-3.481329364,0
-1.681352377,-2.866188584,0
-1.679255252,2.196526189,1
-1.668033438,2.237389791,1
-1.667213395,0.842904484,1
-1.658710474,1.980806549,1
-1.649351477,2.28860231,1
-1.644276817,-2.819007635,0
-1.641831982,1.730158354,1
-1.630770836,-2.756305505,0
-1.619538238,-2.223943712,0
-1.618457059,2.187303513,1
-1.616127386,-3.234782795,0
-1.607711272,1.569952605,1
-1.596332279,2.048879421,1
-1.589988066,-3.354092669,0
-1.584227279,2.53803391,1
-1.582143405,4.020261576,1
-1.580833805,-2.747103919,0
-1.580020675,-3.150324806,0
-1.578876316,2.171336846,1
-1.571450709,-2.809492226,0
-1.561028039,-2.760416316,0
-1.559925143,-2.643259252,0
-1.559647752,-3.005880431,0
-1.558302943,-2.801425122,0
-1.555301467,0.090764391,1
-1.534301889,-2.581405464,0
-1.533720452,-2.624974174,0
-1.532181707,-2.510282567,0
-1.528916982,-2.347320307,0
-1.525437991,-2.967792769,0
-1.519843328,-2.759929159,0
-1.510512895,0.740241839,1
-1.510307691,-2.320261394,0
-1.503849721,-2.417694392,0
-1.496002076,-3.279697811,0
-1.493460155,-3.223399137,0
-1.489904306,-2.988099356,0
-1.485308964,1.821317133,1
-1.480637198,-1.917685813,0
-1.473127193,-2.619426761,0
-1.466427972,-2.186202417,0
-1.454528257,-2.621134023,0
-1.453077663,1.761884774,1
-1.450448323,-2.847456833,0
-1.44985148,1.10445454,1
-1.449412462,-2.378996109,0
-1.448263574,-1.918809978,0
-1.446585913,-3.147368008,0
-1.445993116,-2.144482072,0
-1.445920951,-2.741315775,0
-1.442259127,-2.007050585,0
-1.441904594,-2.142140425,0
-1.441231302,0.776940647,1
-1.439675316,-2.576954461,0
-1.437485391,-2.214392778,0
-1.431527668,-1.865896808,0
-1.430785506,-2.326738602,0
-1.411553675,-2.305568526,0
-1.407374256,-1.948797059,0
-1.403214022,-2.772994429,0
-1.39932355,-2.34935873,0
-1.377190147,0.923900033,1
-1.37702518,-0.152692606,1
-1.375682681,-2.732777911,0
-1.374195109,-2.334839618,0
-1.356509229,-2.046507955,0
-1.355588899,-2.111879849,0
-1.352984801,-1.863607467,0
-1.348605779,-0.995714474,1
-1.344692398,-1.986766091,0
-1.343143424,-2.122428483,0
-1.342603525,3.019403382,1
-1.341393136,-2.195401948,0
-1.341191544,-1.899653289,0
-1.334097831,-2.260969469,0
-1.32660114,-1.825706879,0
-1.323484041,-1.399315099,1
-1.323388355,-2.123506524,0
-1.323159165,-2.436364681,0
-1.318613722,1.597281439,1
-1.316673415,-1.987894765,0
-1.310914214,-1.837870887,0
-1.308475721,-1.278945453,0
-1.305939239,-2.030578909,0
-1.303790782,-2.157336644,0
-1.301521661,-2.361662363,0
-1.301511803,-1.883713879,0
-1.297819421,-1.407812727,0
-1.297412696,1.168648542,1
-1.293885166,-2.211552221,0
-1.293769112,-2.081071859,0
-1.292690539,-1.253849078,0
-1.291782653,-1.66590957,0
-1.290048589,-1.718249043,0
-1.284673979,-1.833834316,0
-1.283470892,-1.58865147,0
-1.277150849,-1.688700135,0
-1.276852104,-1.80424485,0
-1.269470668,-2.050320629,0
-1.266414115,-1.9627378,0
-1.260048737,-2.019915176,0
-1.25525188,-1.805042281,0
-1.25103464,-1.846767895,0
-1.248891719,-2.149470971,0
-1.247508847,-1.539789915,0
-1.245643261,-1.670800525,0
-1.241575124,-1.437580137,0
-1.239766154,-1.659601721,0
-1.239512928,-2.076136373,0
-1.236246977,1.18067834,1
-1.236030459,-1.746844878,0
-1.234049642,-1.422619728,0
-1.230315381,-2.234048603,0
-1.228517406,0.983909733,1
-1.225096032,-0.900324158,1
-1.221721772,1.182133356,1
-1.221291173,-1.613671003,0
-1.220062156,-1.362419876,0
-1.219194787,-2.017564597,0
-1.217500946,-1.899797916,0
-1.204033039,-2.096499455,0
-1.201226065,-1.742593896,0
-1.198708989,-1.495877039,0
-1.197971634,-1.547225017,0
-1.190870811,-1.093262105,0
-1.189873953,-1.675335445,0
-1.189860434,-0.775583369,0
-1.189012237,-1.774299627,0
-1.187131928,-0.961389635,0
-1.186765938,-1.684090208,0
-1.179530179,-0.81227081,1
-1.179411615,1.72261874,1
-1.177894544,-1.504649609,0
-1.175983142,-1.278715331,0
-1.175102753,-1.771537517,0
-1.174367942,-1.361533801,0
-1.173836987,-1.418278501,0
-1.170908189,-1.316833442,0
-1.168018966,-2.271920659,0
-1.167599574,-1.341204574,0
-1.166903017,-1.324410775,0
-1.162440759,-2.271846693,0
-1.159215138,0.826626279,1
-1.157058607,-1.591689165,0
-1.155127904,-1.408718913,0
-1.151290031,-1.486960887,0
-1.149683262,-1.32596655,0
-1.14867892,-1.450096021,0
-1.148035238,-0.720969988,0
-1.147538917,-1.571993432,0
-1.14738846,-1.149436657,0
-1.142613717,-1.534481966,0
-1.141422772,-1.985126885,0
-1.137870893,-1.472752673,0
-1.137273423,-0.972698554,0
-1.136700478,-1.731973528,0
-1.134789496,-1.088778754,0
-1.133947698,-1.460128565,0
-1.131783809,-0.748277367,0
-1.126143272,-0.512775769,0
-1.121879223,-0.620034007,0
-1.121242657,-1.087071087,0
-1.117869903,-1.879566733,0
-1.117583897,-0.881021131,0
-1.115765415,-1.658182695,0
-1.110983184,-1.619998883,0
-1.10985576,1.560389768,1
-1.108840101,-1.350972889,0
-1.108519219,-1.286420179,0
-1.104766125,-1.524731421,0
-1.104707917,-1.093931647,0
-1.101298497,-0.66245653,0
-1.101254903,-1.21813158,0
-1.099784723,-1.725145843,0
-1.092219717,-1.152656378,0
-1.092203594,-1.174360281,0
-1.091077243,-0.566350813,0
-1.08882585,-1.198494768,0
-1.077265218,-1.658710362,1
-1.076825627,-1.014619253,0
-1.072588304,-0.907860096,0
-1.071122116,-0.606461244,0
-1.06716399,-1.087164065,0
-1.066667095,-1.216082692,0
-1.065900937,-1.35409977,0
-1.063267537,-1.502471544,0
-1.061468827,-1.30792461,0
-1.059182467,-0.88833151,0
-1.058506662,-1.648743185,0
-1.056898856,-0.766350315,0
-1.056768422,-0.939502588,0
-1.055437362,-1.067639449,0
-1.052273212,-0.799806095,0
-1.051625534,0.004793705,0
-1.050517712,-0.925462005,0
-1.050477597,-1.323567953,0
-1.049418709,-0.868783557,0
-1.046138962,0.09842593,1
-1.045819926,-1.342917162,0
-1.0454409,-1.204304798,0
-1.043267883,-0.619677637,0
-1.043029366,-1.039973733,1
-1.040508839,-1.317563103,0
-1.038553442,-1.503769547,0
-1.035057427,-1.19566576,0
-1.032886086,-1.350533036,0
-1.031710475,1.917673926,1
-1.031591737,-1.073138978,0
-1.031536253,-0.907903416,0
-1.028163531,-0.696216078,0
-1.025340132,-1.165629463,0
-1.021405465,-1.549084399,0
-1.020875986,-1.180118221,0
-1.019443475,-0.837550376,0
-1.018531214,-1.406870304,0
-1.018003474,0.367285865,1
-1.016596385,-1.273971908,1
-1.015179214,-1.041102509,0
-1.014258221,-1.047730183,0
-1.012527734,-1.424618278,0
-1.009962234,-1.107915838,0
-1.006907203,-1.286880344,0
-1.003398425,0.329544613,1
-1.002144441,-1.376115942,0
-1.000908396,-1.450472687,0
-0.995692774,-0.68068791,0
-0.995293446,-0.993320942,0
-0.994491861,-1.113305479,0
-0.993152918,-1.059620723,0
-0.988525958,-0.493932613,0
-0.985386096,-0.54085856,0
-0.982649567,-0.771683758,0
-0.981822369,-0.602908739,0
-0.977625298,-0.784113922,1
-0.977186119,-0.476773223,0
-0.976115576,-1.005168101,0
-0.974257183,-0.408063888,0
-0.96926786,-0.536559305,0
-0.969016856,-0.95404075,0
-0.967111393,-1.367144188,0
-0.962274342,-0.597956291,1
-0.961424271,-1.176713455,0
-0.960127973,-0.388753946,0
-0.957776027,-0.719766716,0
-0.957369544,-0.507588075,0
-0.946921916,-0.445851769,0
-0.945995671,-1.014849167,0
-0.945832658,-0.446398003,0
-0.943884212,-0.59044619,0
-0.943777528,-0.981703026,0
-0.938950537,-0.054346688,1
-0.938187514,-0.972590618,0
-0.937322229,-0.970712641,0
-0.937254214,-0.721329857,0
-0.934698819,-0.55912922,0
-0.934581129,-0.642412388,0
-0.932399191,-0.61378471,0
-0.930020499,-0.821928698,0
-0.92994472,-0.5952818,0
-0.929755547,-0.534461749,0
-0.928102496,2.196376348,1
-0.925764672,-0.842926286,0
-0.92191337,1.213373488,1
-0.920923127,-0.475918462,0
-0.920396768,-1.413606206,0
-0.915227552,-0.640087847,0
-0.912318774,-0.730586276,0
-0.911480324,-0.656827067,1
-0.910383073,-0.224063088,0
-0.909281982,-0.759353444,0
-0.909010878,-0.063557273,1
-0.906844611,-0.365368148,0
-0.906270151,-0.919836527,0
-0.904435908,-0.458094734,0
-0.899755983,-0.293254723,0
-0.899742635,-0.464067017,0
-0.896465314,-0.760811392,0
-0.895421027,-1.054678669,0
-0.894031024,-0.120354571,0
-0.893228723,-0.471095438,0
-0.892232813,-0.818222443,0
-0.891805679,-0.477968712,0
-0.887472658,-0.665359748,0
-0.88633377,-0.852244539,0
-0.885703942,-0.614600038,0
-0.885289629,-1.339882047,0
-0.882270918,-0.352427864,0
-0.879499825,2.090851057,1
-0.876739203,-0.884686392,0
-0.87212956,-0.811987328,0
-0.87200205,-0.979093258,0
-0.871883721,-0.574519884,0
-0.870864815,-1.304245442,0
-0.868872083,-0.690498775,0
-0.866283569,-0.69478945,0
-0.865449212,-1.556338644,0
-0.86392588,-0.759432815,0
-0.861813738,-0.939603087,0
-0.85707163,-0.876195101,0
-0.856821439,-0.770796113,0
-0.855501774,-0.705808884,0
-0.854839996,-0.439642806,0
-0.854135972,0.026274621,0
-0.853106492,-0.662457263,0
-0.842020241,-0.499790272,0
-0.841572879,-0.530737159,0
-0.838650281,-0.458634646,1
-0.83845853,-0.698613017,0
-0.837511061,0.451793119,0
-0.836758787,-1.126952386,0
-0.835428041,-0.706116648,0
-0.833624125,-1.133890625,0
-0.829605534,-0.548784268,0
-0.827190006,-1.383628997,0
-0.824024629,-0.413571509,0
-0.823666211,3.144708677,1
-0.818068344,-0.222842215,0
-0.814051355,-0.987562306,0
-0.81368379,-0.846448071,0
-0.812763023,-0.000319449,0
-0.812270351,-0.435797382,0
-0.811604407,-1.180048029,0
-0.811449471,-0.532607912,0
-0.809836256,-0.636524537,0
-0.809790325,-0.149131647,0
-0.809337611,-0.538962478,0
-0.806302064,-0.574419081,0
-0.806058736,-1.332699243,0
-0.801984735,-0.210341865,0
-0.800212916,-0.251718596,0
-0.797491353,-0.674244559,0
-0.792698416,-0.747990572,0
-0.792163227,-0.74269188,0
-0.790067879,-0.176288808,0
-0.784869078,1.714153276,1
-0.784814884,-0.144957153,0
-0.784420539,-0.483376379,0
-0.783928148,-0.586970012,0
-0.783685187,-0.764131787,0
-0.778978121,-0.748499809,0
-0.77862126,-0.240235483,0
-0.778111469,-0.043179798,0
-0.774824861,-0.521872245,0
-0.774200729,0.268098675,1
-0.773085456,-0.235423047,0
-0.772775207,0.415181653,1
-0.772751748,0.227012087,1
-0.772024515,-0.868473698,0
-0.77049607,-0.135709341,0
-0.765290866,0.259602624,1
-0.76306217,0.236068295,0
-0.761794923,0.634443898,0
-0.761621966,0.50258801,1
-0.761223962,0.426284544,1
-0.759474057,0.156887113,1
-0.758600271,0.037445294,0
-0.758155986,0.135952434,1
-0.757769499,-0.395633468,0
-0.757176174,0.251617955,0
-0.757103527,-0.069586479,0
-0.753957056,-0.397071784,0
-0.75263405,0.227756878,1
-0.750591152,-0.031007308,0
-0.749742527,0.048393456,0
-0.749459454,-0.033445279,0
-0.745470818,0.126378874,1
-0.740565758,-0.408812084,0
-0.739069383,0.432423022,1
-0.737634231,0.224863762,1
-0.736500386,-0.419424867,1
-0.732637487,0.292603073,0
-0.731832344,-0.056269659,0
-0.730922322,0.157643989,1
-0.728073359,-0.076614337,0
-0.727335983,-0.091546668,0
-0.726511211,-0.200598345,0
-0.726431835,-0.29130273,0
-0.72387256,0.046007537,0
-0.722494552,0.305725389,1
-0.719029648,0.6395601,1
-0.714221396,-0.079464194,0
-0.713251931,-1.245630672,0
-0.712162651,0.375264521,0
-0.711712871,-0.367372497,0
-0.710623751,0.408998079,1
-0.706328429,0.194265474,1
-0.702824929,2.82802753,1
-0.699433532,0.145076466,1
-0.698081658,0.092125417,0
-0.694886055,0.163798613,1
-0.693752392,-0.078355781,0
-0.693343327,-0.203522648,0
-0.692897602,0.310552286,1
-0.691567332,0.559449787,1
-0.690447411,0.255815052,1
-0.687318384,-0.145555953,0
-0.686076633,-0.217304256,0
-0.685615484,0.341333734,1
-0.685316604,0.188134837,1
-0.682305918,-0.309705923,0
-0.681196574,-0.08650982,0
-0.680130918,0.612721728,0
-0.677684044,-0.16538155,0
-0.676607745,0.155374327,1
-0.675861069,0.302076883,0
-0.667100385,-0.101677292,0
-0.666738307,0.521718742,0
-0.665227146,-0.161288784,0
-0.66487094,-0.550385608,0
-0.664419487,-0.242409837,0
-0.664392271,0.074024811,0
-0.663115592,-0.216639648,0
-0.66275886,0.195191784,0
-0.661752833,0.077111251,0
-0.657698671,0.059898368,0
-0.653922788,-0.004271977,0
-0.647963674,-0.747560845,0
-0.644746029,0.300347815,0
-0.640752752,-0.318078002,0
-0.64019076,-0.06063491,0
-0.639879188,-0.340961254,0
-0.635500503,0.686083533,0
-0.635162343,-1.048240788,0
-0.629261245,-0.115337982,0
-0.628705571,0.186374367,0
-0.628076766,-1.615678846,0
-0.621561666,-0.000468828,0
-0.616266759,-0.261616755,0
-0.615475979,0.094271454,0
-0.615319073,-0.587120715,0
-0.609856615,0.555777598,0
-0.6045984,-0.468471929,0
-0.590498755,-0.472744875,1
-0.58894985,0.863834768,0
-0.588072237,0.406784516,0
-0.587236027,-0.420746772,1
-0.584267527,0.270098515,0
-0.581760524,0.049846354,0
-0.577455344,-1.267241636,0
-0.575797725,0.190004243,0
-0.5726534,-0.754947881,0
-0.571308282,0.695519167,0
-0.569030691,0.157920486,1
-0.561056703,-0.029738836,0
-0.55285945,0.402660993,0
-0.546147899,0.897289382,0
-0.545329335,0.665287214,1
-0.543956659,-0.435555117,0
-0.540100885,0.063351637,0
-0.539026255,-1.144938929,0
-0.534950064,0.412510252,0
-0.53076888,0.073398035,0
-0.52991248,-0.279510214,1
-0.522549642,0.850247863,0
-0.514338441,1.491901676,1
-0.509519996,0.934656554,0
-0.507658477,0.843369509,0
-0.503322771,0.82683678,0
-0.5015,0.8252,1
-0.501056111,-0.986757417,0
-0.4985,0.7251,1
-0.497282598,0.394771115,0
-0.4905,0.7725,1
-0.485536282,0.000363963,0
-0.484757747,0.353136378,0
-0.484644577,0.478962352,1
-0.482536925,1.383086122,0
-0.479907542,0.639979882,0
-0.4725,0.6225,1
-0.4685,0.7895,1
-0.466456078,0.278520818,0
-0.461071382,0.625173095,0
-0.460487134,0.925421335,0
-0.456386616,-0.928534218,0
-0.453555305,0.763121703,1
-0.446441012,1.252539079,0
-0.446280379,0.34334132,0
-0.445974255,0.817846638,0
-0.44328123,0.7071447,0
-0.439935299,3.192920128,1
-0.436274751,0.972072302,1
-0.432773563,0.890930278,0
-0.432511969,-1.015362521,0
-0.429448735,0.76301635,0
-0.4265986,-1.121676194,0
-0.426245573,0.114931258,1
-0.423433444,-0.675785569,0
-0.419781331,0.852964044,0
-0.419219643,0.835842853,0
-0.416088747,0.466689626,0
-0.404741357,-1.378812753,0
-0.404278272,0.88692467,0
-0.384649128,0.913557176,0
-0.371486943,-0.898300696,0
-0.37093876,1.10096913,0
-0.369387185,-1.047146213,0
-0.368763372,1.127236873,0
-0.367209798,0.704851795,1
-0.353844399,-0.804340519,0
-0.352381329,-1.226054363,0
-0.338478271,0.494787693,1
-0.334741711,-0.428166217,0
-0.332698931,1.195796724,1
-0.319167853,0.481786602,1
-0.316539012,1.553346952,0
-0.31247413,1.066699058,0
-0.311603446,1.165971454,0
-0.305405479,1.351920866,0
-0.299852131,1.765326303,0
-0.299303467,0.936993376,1
-0.276107415,2.474499481,1
-0.271203156,-0.91257622,0
-0.271097934,1.593358335,0
-0.262691431,-1.519877662,0
-0.252892539,1.029642877,0
-0.246406171,-1.033594799,0
-0.233143496,0.196327097,1
-0.232494434,-1.486021268,0
-0.220914628,-1.753544762,0
-0.210155351,1.686559549,1
-0.194034564,-1.007945612,0
-0.177663396,-0.878998502,0
-0.171783069,-0.924965969,0
-0.171047718,0.066475158,1
-0.169895121,-1.070375959,0
-0.163585861,1.613575481,0
-0.144920233,0.003777337,1
-0.144328662,-1.088056977,0
-0.13941162,-1.203210031,0
-0.137382697,-0.38683584,0
-0.134687634,-0.049187993,1
-0.11997909,-1.126273452,0
-0.113128038,-0.216825502,1
-0.107444422,-1.065885655,0
-0.104291224,-0.819083283,0
-0.101267463,-1.590175634,0
-0.088081841,2.610333716,0
-0.079287331,-0.703605802,0
-0.069251904,-0.880206071,0
-0.058619154,-0.35109008,0
-0.058341801,-0.525877057,0
-0.040838685,-0.479553458,0
-0.039980826,-1.644670081,0
-0.011393872,-0.057604399,1
-0.010100314,-0.595085467,0
-0.003732981,-1.305565692,0
0.006393905,-0.98829198,0
0.008846723,-0.827652733,0
0.012113968,-1.173668247,0
0.013343664,-0.188407538,1
0.019831869,1.370397243,1
0.019893532,-1.026631069,0
0.021339863,2.341884837,1
0.036848624,-1.264263191,0
0.036992292,-1.078967787,0
0.037709575,-1.612108342,0
0.038721513,-0.623656068,0
0.045362952,-1.441688632,0
0.061812011,-0.849434632,0
0.070472322,-1.824883455,0
0.076464929,1.158653907,1
0.089547528,-1.253054434,0
0.089743003,-0.73049136,0
0.093989915,0.024953435,0
0.099310701,-0.740735108,0
0.115033347,0.019590534,1
0.116668732,-1.214446955,0
0.117216176,0.206437366,1
0.119936824,-1.079302522,0
0.124000712,-1.088668356,0
0.130292097,-0.730944885,0
0.142391529,-0.027094331,0
0.157350348,-0.923749013,0
0.159163188,-0.602114524,0
0.161399084,-1.074747483,0
0.170566792,-1.74959786,0
0.17309186,-0.900921563,0
0.184744521,-0.127986868,0
0.185734401,-0.740875278,0
0.187399043,-0.943711502,0
0.191527034,0.251783501,1
0.199081689,-0.338291482,1
0.210208727,-0.710895708,0
0.219558422,-1.656971598,0
0.220916136,-1.088904688,0
0.222339306,-1.282664088,0
0.222992394,-1.277967159,0
0.244362438,0.231441937,1
0.244385261,-0.929695847,0
0.254733846,-1.173874541,0
0.280690219,-1.559803278,0
0.281382127,-1.026136428,0
0.288840056,-0.395855827,0
0.290131387,-0.996519476,0
0.291959736,-0.784140171,0
0.304270903,0.084487416,0
0.304630084,-1.237352846,0
0.306814083,-0.988946466,0
0.309544871,-1.131598819,0
0.314065581,0.437550019,1
0.323541693,-1.122211229,0
0.341191991,-1.119419404,1
0.348241978,-1.60054601,0
0.363896424,1.75237485,1
0.379426744,0.723074383,1
0.381994096,-1.216107597,0
0.400259767,-1.195898942,0
0.415935256,-0.684549476,0
0.420996743,1.938387972,1
0.421613611,-0.197983981,1
0.424630599,-0.934969591,0
0.42728212,0.717600565,1
0.4328039,-1.171033722,0
0.433588966,-1.238603516,0
0.437673217,-0.514322276,0
0.442556944,1.336679541,1
0.445105512,-1.474413978,0
0.446005071,-1.656483784,0
0.470319907,-1.159227984,0
0.47568782,-0.76655149,0
0.479905558,-0.787362051,0
0.487188662,-0.263288596,0
0.488539342,-1.516180946,0
0.498572356,-0.579656184,0
0.502890281,-1.358061857,0
0.509068305,-0.993139495,0
0.512589016,-1.295397647,0
0.516328039,0.350506457,1
0.531554385,-0.991438018,0
0.533777262,-1.436711477,0
0.534052846,0.573120199,1
0.534496403,-1.605906955,0
0.538854336,-1.048700394,0
0.539354115,1.310075186,1
0.539909579,1.026938711,1
0.542037353,0.725631786,1
0.544798451,-1.409774765,0
0.545742122,-1.048346907,0
0.55429174,-1.022047838,0
0.555308104,-0.360868813,0
0.562518349,-1.488747352,0
0.566397945,-1.026210309,0
0.569745554,-0.520052876,0
0.575269268,-1.336295594,0
0.576095867,-0.758006786,0
0.583414666,0.674539125,1
0.585102163,-0.971131836,0
0.585281676,-1.554207507,0
0.58924819,-1.531736911,0
0.589563581,-0.57358499,0
0.590710927,-1.556594169,0
0.593265527,0.69342521,1
0.593421417,-0.200306873,0
0.594173255,-0.980595408,0
0.594676489,0.46522532,1
0.598391501,-0.616592428,0
0.601844816,-1.139945845,0
0.61357261,-0.967509461,0
0.61980273,-1.348163995,0
0.619969398,-1.390300517,0
0.626573898,-0.871053222,0
0.636794872,-0.748737353,0
0.639246102,-1.612081014,0
0.639498629,-0.950991878,0
0.643761048,-0.780538547,0
0.647306008,-1.434708805,0
0.653311747,-1.152569024,0
0.657448962,-1.128295248,0
0.678428871,-1.253544636,0
0.678881197,-0.908753045,0
0.684182348,-0.52354221,0
0.684697544,-0.637329286,0
0.685643928,-0.812080631,0
0.689049099,-1.646319994,0
0.697934212,-1.059842556,0
0.698529837,-1.279404552,0
0.699520508,-0.599401785,0
0.702222599,-0.758531309,0
0.708753916,-1.691973122,0
0.711450648,-1.301515144,0
0.71888026,-0.973878476,0
0.720916325,-1.669958664,0
0.733321357,0.991136683,1
0.733483722,-0.729670392,0
0.739828534,-1.106787543,0
0.741400546,-1.668919593,0
0.748150296,-1.366894429,0
0.750458737,-1.231949996,0
0.753313332,-0.932653334,0
0.756401126,-0.627955594,0
0.771869759,-1.929255416,0
0.775271166,-1.022519427,0
0.77804934,-0.406921793,0
0.780223897,-1.297109088,0
0.794473041,-1.611272931,1
0.796302542,-1.303879597,0
0.801705131,-1.19771575,0
0.805880166,0.994846876,1
0.8071938,-0.75015642,0
0.80738189,-0.923289932,0
0.808784484,-0.813498339,0
0.809791827,0.656203461,1
0.80979684,1.479548797,1
0.817986172,-0.24815854,0
0.818341105,-0.773580411,0
0.821223303,0.897781689,1
0.827214081,-0.853323465,0
0.838253442,-0.844179314,0
0.841554421,0.912889059,1
0.844439095,-1.412710194,0
0.85355361,0.879990318,1
0.853774695,-1.132842659,0
0.857070668,0.945881764,1
0.871228858,-1.205785329,0
0.874894567,-0.6718682,1
0.88695219,-0.939690634,0
0.889730167,-0.668137477,0
0.892260783,-1.527855263,0
0.900136366,-1.015084539,0
0.901934228,-0.592711875,0
0.90680103,0.571686656,1
0.910897202,-1.695646357,0
0.924972385,0.943066183,1
0.925298301,0.836443998,1
0.93484364,-1.486115891,0
0.935877539,0.897203134,1
0.960888719,-1.223720857,0
0.962776827,0.859397466,1
0.965911425,-0.672013936,0
0.967854421,-1.01953579,0
0.975364321,-1.806933347,0
0.979001082,-0.930601481,0
0.981518432,-0.946258381,0
0.988894253,-1.291619012,0
1.003720016,-0.754807196,0
1.004672656,-1.064365271,0
1.006780036,-0.321469478,0
1.006830507,-0.436355185,0
1.008989656,-1.011308328,1
1.01186675,2.779341876,1
1.015362483,-0.717452483,0
1.028267254,-0.971343774,0
1.030549631,-1.431310914,0
1.03791082,-1.496362298,0
1.038705862,-1.161872943,0
1.039594786,0.683565085,1
1.051223331,-1.187021654,0
1.05244435,-0.78551675,0
1.053712334,1.679410842,1
1.057676066,-1.041849105,0
1.063153645,0.887385217,1
1.077916141,-1.519952997,0
1.079523821,-0.623629793,0
1.081294678,-1.432457402,0
1.087382783,-1.032926291,0
1.088286507,1.311866219,1
1.099298679,-0.967007912,0
1.099875332,0.956482934,1
1.101389535,-1.293793212,0
1.101497792,-0.925886073,0
1.105746971,-1.354108202,0
1.112338408,-0.542574424,0
1.126382472,-1.017746183,0
1.128494586,-0.452341817,0
1.130707873,-0.75589911,0
1.135061339,-1.053722726,0
1.138153531,-0.958340363,0
1.13950456,-1.129732091,0
1.14289808,0.901661329,1
1.145739161,-0.606432073,0
1.151863905,-1.443944227,0
1.154469554,-0.896403276,0
1.155166312,-0.848273754,0
1.157283298,-1.963525886,0
1.159390501,-1.528137544,0
1.167841899,-0.960105665,0
1.18818878,-1.479865925,0
1.197703897,-0.870960945,0
1.203484626,-0.698109671,0
1.210211007,-0.573410414,0
1.212428129,-1.837338219,0
1.218447414,-0.56252111,0
1.22267515,-1.164584668,0
1.224270102,-0.911651971,0
1.228148737,-1.129827423,0
1.228275699,-0.75448375,0
1.23189638,-1.113884477,0
1.242816453,-1.206012079,0
1.243573619,-1.590007403,0
1.246872923,-1.870482463,0
1.255696871,-0.99259382,0
1.265274708,-1.136056379,0
1.27026943,-1.077372412,0
1.271351576,-1.295728862,0
1.279825601,-0.860672352,0
1.285528164,-0.910855629,0
1.287151579,-1.368791362,0
1.291980528,-1.060016986,0
1.29201887,-0.376549642,0
1.296845019,-1.59871055,0
1.299646092,-0.904677607,0
1.303145147,1.149503008,1
1.307653177,-1.078363512,0
1.316001266,1.220770282,1
1.318573697,-1.071188135,0
1.319226807,-1.393964563,0
1.325626188,1.333617416,1
1.326481769,-0.866303036,0
1.330137284,-0.644778397,0
1.338187244,-1.218374982,0
1.338470949,1.324122376,1
1.345711408,-1.647955891,0
1.348137521,-1.290045531,0
1.358495997,1.170129493,1
1.362900956,1.60635142,1
1.369049826,-1.050734705,0
1.375871572,-0.932344193,0
1.37717056,-0.374284902,0
1.380087289,-0.739471097,0
1.382057133,-0.600041299,0
1.400575617,-1.284940708,0
1.410346777,-1.40073043,0
1.416180394,-1.692784618,0
1.418576533,-0.150173791,0
1.421236179,1.246700308,1
1.428390597,-1.235780083,0
1.443518163,-1.2723684,0
1.452261343,1.462100552,1
1.46184069,-1.66651743,0
1.462838905,-1.399988602,0
1.464377391,-1.675606744,0
1.467242052,1.404618682,1
1.474002543,-1.206551275,0
1.500347296,-1.421401034,0
1.501600653,-1.312708725,0
1.509116153,-1.210304638,0
1.528391042,-0.599844727,0
1.529299867,-0.7194212,0
1.530224531,-0.502239349,0
1.532297485,-1.345664834,0
1.533758021,1.462130971,1
1.543530598,-0.780238465,0
1.544241918,-1.673228825,0
1.550179473,-1.024711669,0
1.551421354,1.36600648,1
1.566594784,-0.828770712,0
1.569274798,-1.16103561,0
1.570076285,-1.480453378,0
1.574024156,1.568755179,1
1.594303364,-1.185234561,0
1.596197716,1.484715868,1
1.60694033,-1.369324259,0
1.610011277,-1.865553475,0
1.610116292,-1.482028452,0
1.61703021,-1.009244483,0
1.622570022,-0.876986871,0
1.631382397,-0.992367442,0
1.631668884,-0.930807695,0
1.639044438,-1.013770129,0
1.643497264,1.650034996,1
1.645999995,-1.086402704,0
1.647169545,-0.742051035,0
1.649712259,-1.120699312,0
1.651990395,-1.122258809,0
1.65252791,-0.7065369,0
1.653148728,-1.014624333,0
1.659251152,-0.873095148,0
1.660125152,-0.649076701,0
1.668696705,1.776030832,1
1.676947673,-1.832767488,0
1.685432145,-1.400229171,0
1.693724091,-0.854749678,0
1.698607397,1.573158058,1
1.70250872,-0.902414088,0
1.709509726,1.510279889,1
1.710336851,-0.917271036,0
1.710814459,1.573807048,1
1.720962217,-1.367230228,0
1.728771557,-0.823406753,0
1.738138434,-1.195370894,0
1.747816752,-0.054035164,0
1.759932995,-0.956541521,0
1.761426435,-0.461192406,0
1.762924329,-0.844108104,0
1.763653072,1.755800694,1
1.777666712,1.742309702,1
1.78457689,-1.216191743,0
1.784981564,-0.807673524,0
1.788569248,-0.990219685,0
1.788759938,-1.640244545,0
1.801723774,-0.910407521,0
1.803470383,-1.217119878,0
1.818731777,-0.948048025,0
1.828884181,-1.049150932,0
1.83249936,-0.768089321,0
1.844323138,-1.221707652,0
1.856078693,-0.578944948,0
1.889302936,-0.605082694,0
1.893266946,-1.247217111,0
1.919148852,-1.246957072,0
1.925432079,-0.805433478,0
1.930085271,-1.445534103,0
1.931184223,-0.85610674,0
1.94438511,1.999606354,1
1.996138166,-1.257474001,0
1.996556921,-1.828134421,0
2.006474131,-0.741253125,0
2.018603479,1.944044527,1
2.026462926,-1.82564636,0
2.029842299,-0.946025918,0
2.04387908,-1.656222737,0
2.045134188,1.790310282,1
2.079123163,-1.493644285,0
2.08357825,-0.704014919,0
2.089234088,-1.032397349,0
2.090847772,-0.745512196,0
2.09110036,-0.686583563,0
2.092603244,-1.478354135,0
2.097338438,-1.319961831,0
2.105651261,-1.074185008,0
2.110642776,-1.005787916,0
2.1337116,-1.043907315,0
2.134058643,-0.778229273,0
2.161297499,-1.119371912,0
2.169179957,-0.562335648,0
2.174427732,1.839238008,1
2.178411957,-1.350956271,0
2.183917855,-0.510457306,0
2.192629145,1.987255456,1
2.20403962,-1.069656518,0
2.222294439,-1.047202298,0
2.237213052,-1.034867318,0
2.299508696,-1.382500428,0
2.303572318,-0.452062439,0
2.309714417,-0.884973713,0
2.327273091,-1.095660033,0
2.328515654,-0.815171624,0
2.329717581,-0.445018309,0
2.359111048,-1.032239093,0
2.363517076,-1.26346397,0
2.370541665,-1.370085159,0
2.400461031,-0.898909104,0
2.403964569,-1.322689648,0
2.426086223,-0.433620085,0
2.47213818,-0.533188216,0
2.502948991,-1.058684839,0
2.515625569,-1.228893461,0
2.519686801,-0.740087179,0
2.524148202,-1.462676244,0
2.5247071,2.264105332,1
2.54723804,-0.714978847,0
2.616903616,-0.583623822,0
2.617100912,2.554231786,1
2.674700873,-1.028312213,0
2.694579612,-1.034017208,0
2.772118784,-0.560382886,0
2.777597512,-0.605270478,0
3.040277925,2.822231161,1
3.048729723,2.644363891,1
3.166705228,-0.772130067,0
3.263788258,2.960317006,1
3.377900657,-0.534603148,0
3.423857856,-0.5738605,0
3.445497491,-1.312906324,0
3.496094329,-1.403687039,0
3.90959436,3.379047234,1
3.994644011,3.75750432,1
